{"TR":{"Title":[], "Search Count":[]},
"NL":{"Title":[], "Search Count":[]},
"AT":{"Title":[], "Search Count":[]},
"BE":{"Title":[], "Search Count":[]},
"NO":{"Title":[], "Search Count":[]},
"FR":{"Title":[], "Search Count":[]},
"RU":{"Title":[], "Search Count":[]},
"EG":{"Title":[], "Search Count":[]},
"BR":{"Title":[], "Search Count":[]},
"DE":{"Title":[], "Search Count":[]},
"RO":{"Title":[], "Search Count":[]},
"NZ":{"Title":[], "Search Count":[]},
"MX":{"Title":[], "Search Count":[]},
"IL":{"Title":[], "Search Count":[]},
"ID":{"Title":[], "Search Count":[]},
"PT":{"Title":[], "Search Count":[]},
"VN":{"Title":[], "Search Count":[]},
"TW":{"Title":[], "Search Count":[]},
"CO":{"Title":[], "Search Count":[]},
"ES":{"Title":[], "Search Count":[]},
"CA":{"Title":[], "Search Count":[]},
"SA":{"Title":[], "Search Count":[]},
"US":{"Title":[], "Search Count":[]},
"NG":{"Title":[], "Search Count":[]},
"CH":{"Title":[], "Search Count":[]},
"UA":{"Title":[], "Search Count":[]},
"CL":{"Title":[], "Search Count":[]},
"IN":{"Title":[], "Search Count":[]},
"GB":{"Title":[], "Search Count":[]},
"PH":{"Title":[], "Search Count":[]},
"IT":{"Title":[], "Search Count":[]},
"HK":{"Title":[], "Search Count":[]},
"HU":{"Title":[], "Search Count":[]},
"JP":{"Title":[], "Search Count":[]},
"FI":{"Title":[], "Search Count":[]},
"KR":{"Title":[], "Search Count":[]},
"PL":{"Title":[], "Search Count":[]},
"CZ":{"Title":[], "Search Count":[]},
"PE":{"Title":[], "Search Count":[]},
"MY":{"Title":[], "Search Count":[]}}